[
  {
    "id": "q1",
    "question": "Some people believe that unpaid community service should be a compulsory part of high school programmes (for example, working for a charity, improving the neighborhood or teaching sports to younger children). To what extent do you agree or disagree?"
  },
  {
    "id": "q2",
    "question": "The charts below show the percentage of water used for different purposes in six areas of the world. Summarize the information by selecting and reporting the main features, and make comparisons where relevant."
  },
  {
    "id": "q3",
    "question": "Many people prefer to watch foreign films rather than locally produced films. Why could this be? Should governments give more financial support to local film industries?"
  },
  {
    "id": "q4",
    "question": "Some people think that the best way to reduce crime is to give longer prison sentences. Others, however, believe there are better alternative ways of reducing crime. Discuss both views and give your opinion."
  },
  {
    "id": "q5",
    "question": "The table below shows the average monthly temperatures in three cities. Summarize the information by selecting and reporting the main features, and make comparisons where relevant."
  }
] 