{
  "attempts": [
    {
      "timestamp": 1747755925564,
      "essay": "In modern society, there is a debate weather unpaid community service should be a mandatory part of high school programms. Some educator believe that students should be require to do activities like working in charity, making neighborhood better or teaching young children, while others think it should remain voluntary. In this essay, I will discuss this issue and present my views on this issue.\nOn one hand, there are several good reasons for making community service compulsory. First of all, when students do work for charity or help peoples in need, they develop important skills for they're future. They learn how to work in teams, communicate with different peoples and solve real problems. For example, a student who teach sports to younger children can improve they're leadership skills and patience which is useful for later life. Secondly, mandatory community service help students to understand social issues better and become more responsible citizens.\nHowever, on other hand, forcing students to participate in community service have some disadvantages. The most important problem is that if students are force to volunteer, they might not be motivated and may perform the work with bad attitude. This could actually have negative affect on both the students and the community they supposed to help. Another point is that many high school students already have a lot of pressure from academic studies, sports, and other extracurricler activities. Adding compulsory community service might create too much stress for them and effect their academic performance.\nAdditionally, there is the question of time management. Many students in todays world have busy schedules with homeworks, exams preparation and personal responsibilities. Requiring them to do community service may lead to time constraints and difficulties in balancing various aspects of their lives. It could be argue that voluntary service where students choose to participate would be more beneficial than forcing every student to do it.\nIn conclusion, while I believe that community service has many benefits for high school student development and society, I partially disagree with making it completely mandatory for all student. I think schools should strongly encourage community service and provide opportunities for it, but also recognize that different students have different circumstances. Perhaps a flexible system where students can choose from various types of service based in their interests and abilities would be more effective approach than strict requirement.",
      "questionId": "q1",
      "analysis": "1. Error: \"debate weather unpaid community service\"\nCorrect: \"debate whether unpaid community service\"\nExplanation: \"Weather\" is a homophone of \"whether,\" but \"whether\" is the correct word to use when introducing alternatives or possibilities.\nCategory: Vocabulary > Word Choice\n\n2. Error: \"high school programms\"\nCorrect: \"high school programs\"\nExplanation: \"Programms\" is a misspelling of \"programs.\"\nCategory: Vocabulary > Spelling\n\n3. Error: \"Some educator believe\"\nCorrect: \"Some educators believe\"\nExplanation: The subject \"educator\" should be plural to agree with the verb \"believe.\"\nCategory: Grammar > Subject-Verb Agreement\n\n4. Error: \"should be require to do\"\nCorrect: \"should be required to do\"\nExplanation: The passive form \"be required\" is needed here.\nCategory: Grammar > Tense Consistency\n\n5. Error: \"making neighborhood better\"\nCorrect: \"making the neighborhood better\"\nExplanation: The definite article \"the\" is needed to specify which neighborhood.\nCategory: Grammar > Articles\n\n6. Error: \"help peoples in need\"\nCorrect: \"help people in need\"\nExplanation: \"People\" is already plural; \"peoples\" is used to refer to different ethnic groups.\nCategory: Vocabulary > Word Choice\n\n7. Error: \"they're future\"\nCorrect: \"their future\"\nExplanation: \"They're\" is a contraction for \"they are,\" while \"their\" is the possessive form.\nCategory: Vocabulary > Word Choice\n\n8. Error: \"communicate with different peoples\"\nCorrect: \"communicate with different people\"\nExplanation: \"People\" is the correct plural form; \"peoples\" is used for ethnic groups.\nCategory: Vocabulary > Word Choice\n\n9. Error: \"a student who teach sports\"\nCorrect: \"a student who teaches sports\"\nExplanation: The verb \"teach\" should be in the third person singular form \"teaches\" to agree with the singular subject \"student.\"\nCategory: Grammar > Subject-Verb Agreement\n\n10. Error: \"improve they're leadership skills\"\nCorrect: \"improve their leadership skills\"\nExplanation: \"They're\" is a contraction for \"they are,\" while \"their\" is the possessive form.\nCategory: Vocabulary > Word Choice\n\n11. Error: \"mandatory community service help students\"\nCorrect: \"mandatory community service helps students\"\nExplanation: The singular subject \"service\" requires the singular verb \"helps.\"\nCategory: Grammar > Subject-Verb Agreement\n\n12. Error: \"on other hand\"\nCorrect: \"on the other hand\"\nExplanation: The phrase \"on the other hand\" requires the definite article \"the.\"\nCategory: Grammar > Articles\n\n13. Error: \"students are force to volunteer\"\nCorrect: \"students are forced to volunteer\"\nExplanation: The passive form \"are forced\" is needed here.\nCategory: Grammar > Tense Consistency\n\n14. Error: \"negative affect\"\nCorrect: \"negative effect\"\nExplanation: \"Effect\" is a noun, while \"affect\" is a verb. The noun form is needed here.\nCategory: Vocabulary > Word Choice\n\n15. Error: \"they supposed to help\"\nCorrect: \"they are supposed to help\"\nExplanation: The verb \"are\" is needed to complete the passive construction.\nCategory: Grammar > Sentence Fragments\n\n16. Error: \"extracurricler activities\"\nCorrect: \"extracurricular activities\"\nExplanation: \"Extracurricler\" is a misspelling of \"extracurricular.\"\nCategory: Vocabulary > Spelling\n\n17. Error: \"effect their academic performance\"\nCorrect: \"affect their academic performance\"\nExplanation: \"Affect\" is the verb form needed here, while \"effect\" is a noun.\nCategory: Vocabulary > Word Choice\n\n18. Error: \"in todays world\"\nCorrect: \"in today's world\"\nExplanation: The possessive form",
      "mistakes": [
        {
          "error": "\"debate weather unpaid community service\"",
          "correct": "\"debate whether unpaid community service\"",
          "explanation": "\"Weather\" is a homophone of \"whether,\" but \"whether\" is the correct word to use when introducing alternatives or possibilities.",
          "category": "Vocabulary > Word Choice"
        },
        {
          "error": "\"high school programms\"",
          "correct": "\"high school programs\"",
          "explanation": "\"Programms\" is a misspelling of \"programs.\"",
          "category": "Vocabulary > Spelling"
        },
        {
          "error": "\"Some educator believe\"",
          "correct": "\"Some educators believe\"",
          "explanation": "The subject \"educator\" should be plural to agree with the verb \"believe.\"",
          "category": "Grammar > Subject-Verb Agreement"
        },
        {
          "error": "\"should be require to do\"",
          "correct": "\"should be required to do\"",
          "explanation": "The passive form \"be required\" is needed here.",
          "category": "Grammar > Tense Consistency"
        },
        {
          "error": "\"making neighborhood better\"",
          "correct": "\"making the neighborhood better\"",
          "explanation": "The definite article \"the\" is needed to specify which neighborhood.",
          "category": "Grammar > Articles"
        },
        {
          "error": "\"help peoples in need\"",
          "correct": "\"help people in need\"",
          "explanation": "\"People\" is already plural; \"peoples\" is used to refer to different ethnic groups.",
          "category": "Vocabulary > Word Choice"
        },
        {
          "error": "\"they're future\"",
          "correct": "\"their future\"",
          "explanation": "\"They're\" is a contraction for \"they are,\" while \"their\" is the possessive form.",
          "category": "Vocabulary > Word Choice"
        },
        {
          "error": "\"communicate with different peoples\"",
          "correct": "\"communicate with different people\"",
          "explanation": "\"People\" is the correct plural form; \"peoples\" is used for ethnic groups.",
          "category": "Vocabulary > Word Choice"
        },
        {
          "error": "\"a student who teach sports\"",
          "correct": "\"a student who teaches sports\"",
          "explanation": "The verb \"teach\" should be in the third person singular form \"teaches\" to agree with the singular subject \"student.\"",
          "category": "Grammar > Subject-Verb Agreement"
        },
        {
          "error": "\"improve they're leadership skills\"",
          "correct": "\"improve their leadership skills\"",
          "explanation": "\"They're\" is a contraction for \"they are,\" while \"their\" is the possessive form.",
          "category": "Vocabulary > Word Choice"
        },
        {
          "error": "\"mandatory community service help students\"",
          "correct": "\"mandatory community service helps students\"",
          "explanation": "The singular subject \"service\" requires the singular verb \"helps.\"",
          "category": "Grammar > Subject-Verb Agreement"
        },
        {
          "error": "\"on other hand\"",
          "correct": "\"on the other hand\"",
          "explanation": "The phrase \"on the other hand\" requires the definite article \"the.\"",
          "category": "Grammar > Articles"
        },
        {
          "error": "\"students are force to volunteer\"",
          "correct": "\"students are forced to volunteer\"",
          "explanation": "The passive form \"are forced\" is needed here.",
          "category": "Grammar > Tense Consistency"
        },
        {
          "error": "\"negative affect\"",
          "correct": "\"negative effect\"",
          "explanation": "\"Effect\" is a noun, while \"affect\" is a verb. The noun form is needed here.",
          "category": "Vocabulary > Word Choice"
        },
        {
          "error": "\"they supposed to help\"",
          "correct": "\"they are supposed to help\"",
          "explanation": "The verb \"are\" is needed to complete the passive construction.",
          "category": "Grammar > Sentence Fragments"
        },
        {
          "error": "\"extracurricler activities\"",
          "correct": "\"extracurricular activities\"",
          "explanation": "\"Extracurricler\" is a misspelling of \"extracurricular.\"",
          "category": "Vocabulary > Spelling"
        },
        {
          "error": "\"effect their academic performance\"",
          "correct": "\"affect their academic performance\"",
          "explanation": "\"Affect\" is the verb form needed here, while \"effect\" is a noun.",
          "category": "Vocabulary > Word Choice"
        },
        {
          "error": "\"in todays world\"",
          "correct": "\"in today's world\"",
          "explanation": "The possessive form",
          "category": ""
        }
      ],
      "mode": "writing"
    },
    {
      "timestamp": 1747755979188,
      "essay": "Thank you for watching!\n",
      "questionId": "s5",
      "analysis": "1. Error: Thank you for watching!\nCorrect: Thank you for listening!\nExplanation: The phrase \"Thank you for watching!\" is typically used in contexts where the audience is viewing something, such as a video or presentation. In the context of an IELTS speaking test, \"Thank you for listening!\" is more appropriate as the examiner is listening to the candidate's spoken response.\nCategory: Vocabulary > Word Choice\n\nStrengths:\n- None identified due to the brevity of the response.\n\nSummary:\nThe response does not address the question prompt, which asks the candidate to describe a book or movie that made a strong impression. The response is not relevant to the task and lacks any development or support. Additionally, the word choice is inappropriate for the context of an IELTS speaking test.",
      "mistakes": [
        {
          "error": "Thank you for watching!",
          "correct": "Thank you for listening!",
          "explanation": "The phrase \"Thank you for watching!\" is typically used in contexts where the audience is viewing something, such as a video or presentation. In the context of an IELTS speaking test, \"Thank you for listening!\" is more appropriate as the examiner is listening to the candidate's spoken response.",
          "category": "Vocabulary > Word Choice"
        }
      ],
      "mode": "speaking"
    }
  ]
}